,Text
0,ک مرد گریه نمیکنه ؟ ؟ سیل امشب سیل اصفه
1,عکس روز پ گذاشته فیل الانشه وسط کوه  لابه لا مه تبریز
2,تن شبیه تنهاییه ظهرا بچگ وقت م خوابیدن خواب نم برد، آدما نبودن
3,خوبه تما قسم  گوش محافظ م کنه
4,خاک مال مرد اس حاک ایر مهسا امین
5,اگه بغل خیل میشد
6,آخوند داره خدا خدا میکنه کرونا بیاد اونا دس مرد نجاتشون بده
7,۲ مامور شرک گاز رفع نقص مجددا گاز مشترک وصل
8,اصلا نخرید هفته استفاده کار افتاد
9,اصل  ایراد نسخه قدیم بلوتوث هست
10,کافر دل نمیبند نقاب زلف میترس محراب بگرداند خ دل س ابرو
11,برعکس گربه  عاشق بیرونه
12,گر سیل عال پُر شود، موج ا مرغ آب غم، غ خورد مرغ هوا
13,الاغ اندازه شعور دا ال پروفسور
14,تعطیل پمپ  گاز جایگاه  شیراز ۲۵ د ۱۴۰۱
15,میگ خوبه داع نداره؟
16,شرک حت اوج کرونا تعطیل نشد هروق نونوا  تعطیل بشن ه تعطیل میش
17,تن کمبود گاز امتحانا تعویق افتاد
18,ایر ا ج مهسا امین
19,امیدوار برا دنیا روز باشه
20,آلار زلزله نیومد ول تکذیب اومد چ جمهور اسلام تکذیب م کنه، تاییده دیگه
21,شیطونها، زلزله پ نگفتید؟
22,دخ ۱۲ تولد دوس چ هدیه بگیری؟
23,نگر ورود تانک  غرب اوکراین هس نیرو اوکراین تجربه تانک غرب
24,ائتلاف اتحاد تفاو داره ه متحد م گروه  احزاب ه ائتلاف میکنند
25,پا درده کمر درده گوشا سو میکشه چشما تار میبینه معدم میسوزه فک کن دگ میمیر
26,رنگ زیتون کدره اصلا راض
27,م ترس تکرار سلطن تکرار استبداد بشه رنج ته نتیجه شه
28,واسه خونه  نور ک هس عالیه
29,ه نشین رنگ  ه اس
30,خرید محصول پیشنهاد نم کن
31,تماس تلفن تصویر دوس ندار مگه دوستا ه باش دوس
32,کار مل کار بانک نبرد سر جلسه کنکور عاشق یاد بره
33,ز چرخش خیل خوبه برا دقیقه م چرخه
34,پسرا عاشق دخترا هول لوس میشن
35,گوشیو هفته هس خرید خیل راض ا
36,یادآور نک میدان مطالعه میکنین که؟؟ مهسا امین اعتصاب
37,ایده اومد بزن ول پروسه  وصل پ ان اون یاد برد
38,ماه استفاده واقعا میتون بگ عالیه
39,گاز اون هموطن حاشیه نشین استان مرز ه نمیدن میفرستن واسه اون دوس مفتخور
40,حکا خوردن زمین خونه سینه خیر رفتنه
41,بو تحمل اصلا موبر نداره
42,ترکیب آینه معمول نصب قشنگ میشه
43,بلخره ویروس منحوس بدن ه گرفتار لعن مریض حقیقتاً
44,سال ۲۰۲۲ میلاد امیدوار پیا آور  زندگ باشه
45,سطح دغدغه ببین تروخدا خوشبحالتون
46,دوس دارید کدا بشنوید؟ چرا؟
47,تمومه ماهه دارم خیل راض
48,مدل برا مصرف خونگ خوبه راض
49,میا ، بارونو بیار اعتصاب مهسا امین
50,خیل دل میخواد د اکتیو کن ول دوس دس مید
51,ا عشق دل افروز دل گر اس شب زیارت
52,بورس تحر قیا سرنگون
53,مل پرچ استراسبورگ ژانویه مهسا امین مجیدرضا رهنورد
54,واس نیومده ول م کن عالیه
55,برا د دست خیل خوبه قشنگ ه هستن
56,پیر نیس سر بزند مو سپید جوان دل عشق پیر اس احوال
57,آخه بگو یل کشتند بگو
58,سر پیغا میفرستند گوش  لوله خونتون ترکیده ال سیل میاد، بریزید بیروووون
59,خوبه تنهاماک بولدوزر قیم مناسبیه دید
60,نمیتون فر لاتاریتو کن میخوا آمریکا چیکار؟
61,رف کار متونس گردون
62,برا بریدن دس مافیا، کنکور حذف صندل  دانشگاه بورس عرضه طنز
63,نسب قیم ادکلن  مختلف گرف اس
64,خیل شیک راحته حتما پیشنهاد میکن
65,وزار داخله حکوم طالب بازدا هف تن ات قتل افسر زن کابل خبر م
66,سبزپو جبهه ایثار ومقاومت،خدمتگزار مرد کشور سیل ،زلزله، متشکر
67,راض خیل راح میشه استفاده
68,انقد درگیر کار واسه آیندم نمیتون مسئول قبول کن میترس عقب بیف
69,عال حتما پیشنهاد میکن
70,ویروس ناشناخته مشابه درد ب اس
71,عیب محصول ندیده ا
72,عبور بس تاریخ، سیل انقلاب پ کوه فتنه م ماند زینب
73,عاشق میلیون میلیاردن چ میخواد باشه
74,هشتگ ترند مهسا امین جاویدشاه
75,ضرر بورس خارج عواقب احتمال اصلا برا مه نیس اعتصاب
76,بیدمجنون دل کاسه خون دل مهسا امین جون  هشتگ نشدن
77,ا پرودگار کس رفع گرفتار وتوجه کار درخواس کنم؟ فور گاز
78,ب استفاده اندازه  خیل
79,اگه م اشک شوق ایرانیا وطن پرس برد ایر یجا براندازارو سیل م برد
80,عالیه ارز خرید داره شیراز
81,۱۰ نفر هیشکیو لاین نمیشناس سم
82,شعله ک کن، لباس کن گاز برسه هموطن
83,پرینتر هس خرید راض میشید
84,چقدر قشنگ عاشق رئال ول نبودشون خیل حس میشه عکس دوس بمونه
85,محبوب  ماشین حساب متصد امور مال
86,اخلاص ویژگ منحصر حاج قاس اورا عزیزخدا رفیق رهبر عزیز مل عزیز مل جانفدا
87,یکپارچگ کشور شوخ بردار نیس تعارف ه کس ندار حت دوس عزیز
88,سیل، اون عربس ؟ خبره دنیا ؟
89,میفهم میکنید شوهر میخوام، واقعا شوهر میخوا لحظه
90,خَس ب سر پا سیل افتاد میرف مرا ه دل دریا برد
91,میشه لطفا باب دلار ۳۹ تومن خوشحال نباشیم؟ احساس تباه دس میده
92,دوس دخترمو میار میکنم همینو میخواست بشنو امیر؟
93,خیل خوشگله مخصوصا رنگ آب شیک
94,داغ دول بورس دل مرد گذا هرگز فرامو نخواهد
95,جلسه استفاده تاثیر دیدم، عال
96,خدا مسببین آب ۹۸ لعن کنه؛ لعنت ابد
97,خیل ظریف اون چیزیه میکنید
98,قهر یعن فراخواندن امید، آنه ذره ا امید مارک منسن مهسا امین
99,دقیقه بارگز پاره
